1,aaa,1111,F,344-241-7458,lantecki0@w3.org
2,bbb,2222,M,674-646-7155,zsmallman1@aboutads.info
3,ccc,3333,M,973-237-7852,wharbin2@nifty.com
4,Jabez,5019,M,576-871-2265,jharle3@jigsy.com
5,Maurie,7983,M,679-710-5265,mnoah4@qq.com
6,Laura,4140,F,533-416-7926,lcalvie5@oracle.com
7,Robbie,9635,F,871-579-1095,rsmallbone6@sciencedirect.com
8,Brandyn,8718,M,385-723-6075,bpailin7@edublogs.org
9,Sonny,1569,M,866-601-5331,sstather8@msn.com
10,Brent,3425,M,389-400-7529,boulner9@prlog.org
11,Pyotr,4893,M,979-126-5816,pwilkinsona@hugedomains.com
12,Ambrosio,9904,M,464-407-2619,aaxworthyb@vistaprint.com
13,Carr,3010,M,646-861-2419,ccalderc@arizona.edu
14,Dexter,8972,M,753-645-5462,dswafferd@usatoday.com
15,Francesco,2753,M,218-259-2167,fedgehille@w3.org
16,Basile,8275,M,424-643-1725,bstarrsf@taobao.com
17,Wilmer,8893,M,873-896-4551,wjeuneg@princeton.edu
18,Alex,9216,F,750-562-1589,ahewellh@ehow.com
19,Flin,6768,M,229-284-9237,fjoselevitchi@google.nl
20,Israel,3239,M,632-816-6861,iskedgej@issuu.com
21,Moria,9274,F,562-322-3882,mcicettik@drupal.org
22,Edsel,3337,M,789-242-4062,ecantol@usda.gov
23,Allayne,6009,M,212-427-2768,aadcocksm@clickbank.net
24,Pen,5312,M,991-589-5705,pbanbriggen@msn.com
25,Guss,1313,M,595-438-9522,gwarnero@statcounter.com
26,Michaela,2145,F,603-687-2897,mgarwoodp@pen.io
27,Jocelyn,3967,F,185-448-2356,jlafontq@linkedin.com
28,Joanne,4872,F,953-771-8902,jhulker@newyorker.com
29,Donnie,1231,M,990-627-8919,dnixons@prlog.org
30,Norah,4440,F,418-839-9693,npischofft@twitpic.com
31,Ortensia,3841,F,500-433-8509,obottrellu@ocn.ne.jp
32,Johann,2495,M,353-584-1318,jmixturev@marketwatch.com
33,Marj,1070,F,515-755-7952,mcressyw@buzzfeed.com
34,Massimo,3537,M,610-638-1773,mmcallasterx@microsoft.com
35,Carlo,6908,M,329-736-4859,cbillingey@usda.gov
36,Binky,7468,M,138-306-0832,bhobdenz@nih.gov
37,Georgi,4151,M,440-280-3361,gberi10@tumblr.com
38,Tatiania,7836,F,270-891-2946,trawlcliffe11@gizmodo.com
39,Reiko,2926,F,289-341-8394,rciccarello12@tinyurl.com
40,Justinn,9923,F,192-643-2817,jbarbary13@ox.ac.uk
41,Raddie,1768,M,635-147-4663,rwornum14@taobao.com
42,Oralie,4893,F,703-529-1352,ocomelli15@symantec.com
43,Angel,9536,F,411-251-4837,adicte16@timesonline.co.uk
44,Mavra,9459,F,179-892-0913,mmcerlaine17@ed.gov
45,Johan,7408,M,837-377-8291,jdone18@microsoft.com
46,Birch,9023,M,700-180-7523,bdavion19@g.co
47,Sybila,5559,F,218-662-5651,sworld1a@yandex.ru
48,Heidie,3883,F,595-720-6083,hchiles1b@jimdo.com
49,Arabella,9900,F,212-935-2275,amardy1c@cornell.edu
50,Philly,9074,F,712-958-4883,pmacaskill1d@economist.com
51,Sheelah,7895,F,280-264-5007,svarden1e@ow.ly
52,Fran,9542,M,772-907-9421,ffryers1f@scientificamerican.com
53,Robbi,9346,F,556-676-6666,rormiston1g@ox.ac.uk
54,Edin,3704,F,334-304-3896,etourner1h@fastcompany.com
55,Sada,9690,F,112-103-1271,sjedryka1i@usatoday.com
56,Pascal,2034,M,759-185-8537,pandreou1j@sphinn.com
57,Ariana,5907,F,800-763-2227,asalaman1k@taobao.com
58,Dalia,2881,F,771-329-2242,djaine1l@4shared.com
59,Lambert,3570,M,476-897-0373,lfaustin1m@opera.com
60,Fran,3164,M,934-934-4294,fgoor1n@fc2.com
61,Harald,6543,M,594-162-1576,hleyre1o@nhs.uk
62,Sherry,7811,F,324-118-3133,ssemaine1p@youku.com
63,Abagael,4892,F,452-145-2723,apetow1q@usnews.com
64,Anderson,8599,M,337-334-7782,agoodere1r@skype.com
65,Arman,5758,M,817-351-1099,aseefus1s@foxnews.com
66,Elita,8379,F,309-914-3752,eminifie1t@hhs.gov
67,Evin,9637,M,965-784-6519,ebloggett1u@aboutads.info
68,Deb,7506,F,856-699-2192,dsherington1v@mashable.com
69,Augustine,1664,M,619-785-9685,ahannaford1w@woothemes.com
70,Betteanne,1989,F,906-640-4382,bmoen1x@tamu.edu
71,Kermie,3653,M,599-965-8815,kdeedes1y@cloudflare.com
72,Anjanette,4680,F,303-143-2240,acrebbin1z@e-recht24.de
73,Lionel,8427,M,948-542-8276,lmckitterick20@hibu.com
74,Meryl,9036,M,543-429-1040,mebbitt21@paginegialle.it
75,Der,8067,M,195-601-1541,dboyles22@homestead.com
76,Astrix,8247,F,397-612-9031,alandis23@vk.com
77,Sinclair,7519,M,694-732-5887,shanalan24@census.gov
78,Maud,1631,F,982-566-7059,mwelland25@unblog.fr
79,Orrin,6982,M,719-698-2633,odaudray26@tinyurl.com
80,Garwin,2256,M,517-993-4467,gfalco27@washingtonpost.com
81,Juliann,2281,F,801-680-7833,jporrett28@miitbeian.gov.cn
82,Ashleigh,1622,F,738-902-1158,adumphrey29@moonfruit.com
83,Ansell,9358,M,528-295-7300,aratie2a@about.com
84,Rea,5049,F,519-791-8305,roffner2b@boston.com
85,Kimberley,4044,F,888-551-5593,kberthelmot2c@google.ca
86,Paxton,6973,M,298-204-2572,pstoakley2d@uiuc.edu
87,Marje,1151,F,137-640-5827,msiehard2e@imdb.com
88,Cristi,3992,F,787-701-4583,cmcgrale2f@ted.com
89,Faustina,9504,F,469-450-1068,fryton2g@jiathis.com
90,Barbee,7489,F,165-549-9409,bestcourt2h@usa.gov
91,Biron,8111,M,746-683-2269,bchawkley2i@aboutads.info
92,Aldus,7380,M,676-806-4267,apreator2j@tiny.cc
93,Ailina,2898,F,227-124-3615,ashorton2k@indiatimes.com
94,Nikki,3172,M,783-555-2384,ningle2l@nba.com
95,Christiano,6131,M,351-605-4582,cstockall2m@forbes.com
96,Si,1627,M,253-950-5050,sfrewer2n@is.gd
97,Fanni,6002,F,702-100-5293,fclewley2o@photobucket.com
98,Luise,9801,F,675-627-2258,lmeuse2p@smh.com.au
99,Timmy,3225,M,120-515-5236,tcodman2q@reference.com
100,Falkner,7619,M,454-406-7694,fsimmonds2r@163.com
